Workbook

Sheet 首頁
A1: 首頁｜月曆與總覽
A2: 年份 | B2: 2026 | C2: 月份 | D2: 1 | E2: 提示 | F2: 可用下拉選擇月份／年份，月曆會自動更新（不需巨集/VBA）
A3: 本月開始 | B3: =DATE($B$2,$D$2,1) | E3: 顯示 | F3: =TEXT(DATE($B$2,$D$2,1),"yyyy年m月")
A4: 本月結束 | B4: =EOMONTH($B$3,0)
A5: 日 | B5: 一 | C5: 二 | D5: 三 | E5: 四 | F5: 五 | G5: 六 | I5: 總覽
A6: =IF(MONTH(DATE($B$2,$D$2,(0-WEEKDAY(DATE($B$2,$D$2,1),1)+2)))=$D$2,DATE($B$2,$D$2,(0-WEEKDAY(DATE($B$2,$D$2,1),1)+2)),"") | B6: =IF(MONTH(DATE($B$2,$D$2,(1-WEEKDAY(DATE($B$2,$D$2,1),1)+2)))=$D$2,DATE($B$2,$D$2,(1-WEEKDAY(DATE($B$2,$D$2,1),1)+2)),"") | C6: =IF(MONTH(DATE($B$2,$D$2,(2-WEEKDAY(DATE($B$2,$D$2,1),1)+2)))=$D$2,DATE($B$2,$D$2,(2-WEEKDAY(DATE($B$2,$D$2,1),1)+2)),"") | D6: =IF(MONTH(DATE($B$2,$D$2,(3-WEEKDAY(DATE($B$2,$D$2,1),1)+2)))=$D$2,DATE($B$2,$D$2,(3-WEEKDAY(DATE($B$2,$D$2,1),1)+2)),"") | E6: =IF(MONTH(DATE($B$2,$D$2,(4-WEEKDAY(DATE($B$2,$D$2,1),1)+2)))=$D$2,DATE($B$2,$D$2,(4-WEEKDAY(DATE($B$2,$D$2,1),1)+2)),"") | F6: =IF(MONTH(DATE($B$2,$D$2,(5-WEEKDAY(DATE($B$2,$D$2,1),1)+2)))=$D$2,DATE($B$2,$D$2,(5-WEEKDAY(DATE($B$2,$D$2,1),1)+2)),"") | G6: =IF(MONTH(DATE($B$2,$D$2,(6-WEEKDAY(DATE($B$2,$D$2,1),1)+2)))=$D$2,DATE($B$2,$D$2,(6-WEEKDAY(DATE($B$2,$D$2,1),1)+2)),"") | I6: 本月工作時數 | J6: =工作紀錄!$B$3
A7: =IF(MONTH(DATE($B$2,$D$2,(7-WEEKDAY(DATE($B$2,$D$2,1),1)+2)))=$D$2,DATE($B$2,$D$2,(7-WEEKDAY(DATE($B$2,$D$2,1),1)+2)),"") | B7: =IF(MONTH(DATE($B$2,$D$2,(8-WEEKDAY(DATE($B$2,$D$2,1),1)+2)))=$D$2,DATE($B$2,$D$2,(8-WEEKDAY(DATE($B$2,$D$2,1),1)+2)),"") | C7: =IF(MONTH(DATE($B$2,$D$2,(9-WEEKDAY(DATE($B$2,$D$2,1),1)+2)))=$D$2,DATE($B$2,$D$2,(9-WEEKDAY(DATE($B$2,$D$2,1),1)+2)),"") | D7: =IF(MONTH(DATE($B$2,$D$2,(10-WEEKDAY(DATE($B$2,$D$2,1),1)+2)))=$D$2,DATE($B$2,$D$2,(10-WEEKDAY(DATE($B$2,$D$2,1),1)+2)),"") | E7: =IF(MONTH(DATE($B$2,$D$2,(11-WEEKDAY(DATE($B$2,$D$2,1),1)+2)))=$D$2,DATE($B$2,$D$2,(11-WEEKDAY(DATE($B$2,$D$2,1),1)+2)),"") | F7: =IF(MONTH(DATE($B$2,$D$2,(12-WEEKDAY(DATE($B$2,$D$2,1),1)+2)))=$D$2,DATE($B$2,$D$2,(12-WEEKDAY(DATE($B$2,$D$2,1),1)+2)),"") | G7: =IF(MONTH(DATE($B$2,$D$2,(13-WEEKDAY(DATE($B$2,$D$2,1),1)+2)))=$D$2,DATE($B$2,$D$2,(13-WEEKDAY(DATE($B$2,$D$2,1),1)+2)),"") | I7: 未完成待辦 | J7: =待辦事項!$B$2
A8: =IF(MONTH(DATE($B$2,$D$2,(14-WEEKDAY(DATE($B$2,$D$2,1),1)+2)))=$D$2,DATE($B$2,$D$2,(14-WEEKDAY(DATE($B$2,$D$2,1),1)+2)),"") | B8: =IF(MONTH(DATE($B$2,$D$2,(15-WEEKDAY(DATE($B$2,$D$2,1),1)+2)))=$D$2,DATE($B$2,$D$2,(15-WEEKDAY(DATE($B$2,$D$2,1),1)+2)),"") | C8: =IF(MONTH(DATE($B$2,$D$2,(16-WEEKDAY(DATE($B$2,$D$2,1),1)+2)))=$D$2,DATE($B$2,$D$2,(16-WEEKDAY(DATE($B$2,$D$2,1),1)+2)),"") | D8: =IF(MONTH(DATE($B$2,$D$2,(17-WEEKDAY(DATE($B$2,$D$2,1),1)+2)))=$D$2,DATE($B$2,$D$2,(17-WEEKDAY(DATE($B$2,$D$2,1),1)+2)),"") | E8: =IF(MONTH(DATE($B$2,$D$2,(18-WEEKDAY(DATE($B$2,$D$2,1),1)+2)))=$D$2,DATE($B$2,$D$2,(18-WEEKDAY(DATE($B$2,$D$2,1),1)+2)),"") | F8: =IF(MONTH(DATE($B$2,$D$2,(19-WEEKDAY(DATE($B$2,$D$2,1),1)+2)))=$D$2,DATE($B$2,$D$2,(19-WEEKDAY(DATE($B$2,$D$2,1),1)+2)),"") | G8: =IF(MONTH(DATE($B$2,$D$2,(20-WEEKDAY(DATE($B$2,$D$2,1),1)+2)))=$D$2,DATE($B$2,$D$2,(20-WEEKDAY(DATE($B$2,$D$2,1),1)+2)),"") | I8: 逾期待辦 | J8: =待辦事項!$B$3
A9: =IF(MONTH(DATE($B$2,$D$2,(21-WEEKDAY(DATE($B$2,$D$2,1),1)+2)))=$D$2,DATE($B$2,$D$2,(21-WEEKDAY(DATE($B$2,$D$2,1),1)+2)),"") | B9: =IF(MONTH(DATE($B$2,$D$2,(22-WEEKDAY(DATE($B$2,$D$2,1),1)+2)))=$D$2,DATE($B$2,$D$2,(22-WEEKDAY(DATE($B$2,$D$2,1),1)+2)),"") | C9: =IF(MONTH(DATE($B$2,$D$2,(23-WEEKDAY(DATE($B$2,$D$2,1),1)+2)))=$D$2,DATE($B$2,$D$2,(23-WEEKDAY(DATE($B$2,$D$2,1),1)+2)),"") | D9: =IF(MONTH(DATE($B$2,$D$2,(24-WEEKDAY(DATE($B$2,$D$2,1),1)+2)))=$D$2,DATE($B$2,$D$2,(24-WEEKDAY(DATE($B$2,$D$2,1),1)+2)),"") | E9: =IF(MONTH(DATE($B$2,$D$2,(25-WEEKDAY(DATE($B$2,$D$2,1),1)+2)))=$D$2,DATE($B$2,$D$2,(25-WEEKDAY(DATE($B$2,$D$2,1),1)+2)),"") | F9: =IF(MONTH(DATE($B$2,$D$2,(26-WEEKDAY(DATE($B$2,$D$2,1),1)+2)))=$D$2,DATE($B$2,$D$2,(26-WEEKDAY(DATE($B$2,$D$2,1),1)+2)),"") | G9: =IF(MONTH(DATE($B$2,$D$2,(27-WEEKDAY(DATE($B$2,$D$2,1),1)+2)))=$D$2,DATE($B$2,$D$2,(27-WEEKDAY(DATE($B$2,$D$2,1),1)+2)),"") | I9: 7天內到期 | J9: =待辦事項!$B$4
A10: =IF(MONTH(DATE($B$2,$D$2,(28-WEEKDAY(DATE($B$2,$D$2,1),1)+2)))=$D$2,DATE($B$2,$D$2,(28-WEEKDAY(DATE($B$2,$D$2,1),1)+2)),"") | B10: =IF(MONTH(DATE($B$2,$D$2,(29-WEEKDAY(DATE($B$2,$D$2,1),1)+2)))=$D$2,DATE($B$2,$D$2,(29-WEEKDAY(DATE($B$2,$D$2,1),1)+2)),"") | C10: =IF(MONTH(DATE($B$2,$D$2,(30-WEEKDAY(DATE($B$2,$D$2,1),1)+2)))=$D$2,DATE($B$2,$D$2,(30-WEEKDAY(DATE($B$2,$D$2,1),1)+2)),"") | D10: =IF(MONTH(DATE($B$2,$D$2,(31-WEEKDAY(DATE($B$2,$D$2,1),1)+2)))=$D$2,DATE($B$2,$D$2,(31-WEEKDAY(DATE($B$2,$D$2,1),1)+2)),"") | E10: =IF(MONTH(DATE($B$2,$D$2,(32-WEEKDAY(DATE($B$2,$D$2,1),1)+2)))=$D$2,DATE($B$2,$D$2,(32-WEEKDAY(DATE($B$2,$D$2,1),1)+2)),"") | F10: =IF(MONTH(DATE($B$2,$D$2,(33-WEEKDAY(DATE($B$2,$D$2,1),1)+2)))=$D$2,DATE($B$2,$D$2,(33-WEEKDAY(DATE($B$2,$D$2,1),1)+2)),"") | G10: =IF(MONTH(DATE($B$2,$D$2,(34-WEEKDAY(DATE($B$2,$D$2,1),1)+2)))=$D$2,DATE($B$2,$D$2,(34-WEEKDAY(DATE($B$2,$D$2,1),1)+2)),"") | I10: 核對逾期 | J10: =核對清單!$B$2
A11: =IF(MONTH(DATE($B$2,$D$2,(35-WEEKDAY(DATE($B$2,$D$2,1),1)+2)))=$D$2,DATE($B$2,$D$2,(35-WEEKDAY(DATE($B$2,$D$2,1),1)+2)),"") | B11: =IF(MONTH(DATE($B$2,$D$2,(36-WEEKDAY(DATE($B$2,$D$2,1),1)+2)))=$D$2,DATE($B$2,$D$2,(36-WEEKDAY(DATE($B$2,$D$2,1),1)+2)),"") | C11: =IF(MONTH(DATE($B$2,$D$2,(37-WEEKDAY(DATE($B$2,$D$2,1),1)+2)))=$D$2,DATE($B$2,$D$2,(37-WEEKDAY(DATE($B$2,$D$2,1),1)+2)),"") | D11: =IF(MONTH(DATE($B$2,$D$2,(38-WEEKDAY(DATE($B$2,$D$2,1),1)+2)))=$D$2,DATE($B$2,$D$2,(38-WEEKDAY(DATE($B$2,$D$2,1),1)+2)),"") | E11: =IF(MONTH(DATE($B$2,$D$2,(39-WEEKDAY(DATE($B$2,$D$2,1),1)+2)))=$D$2,DATE($B$2,$D$2,(39-WEEKDAY(DATE($B$2,$D$2,1),1)+2)),"") | F11: =IF(MONTH(DATE($B$2,$D$2,(40-WEEKDAY(DATE($B$2,$D$2,1),1)+2)))=$D$2,DATE($B$2,$D$2,(40-WEEKDAY(DATE($B$2,$D$2,1),1)+2)),"") | G11: =IF(MONTH(DATE($B$2,$D$2,(41-WEEKDAY(DATE($B$2,$D$2,1),1)+2)))=$D$2,DATE($B$2,$D$2,(41-WEEKDAY(DATE($B$2,$D$2,1),1)+2)),"") | I11: 備註 | J11: （可輸入當月重點）

Sheet 工作紀錄
A1: 工作紀錄
A2: 統計年份 | B2: =首頁!$B$2 | C2: 統計月份 | D2: =首頁!$D$2
A3: 本月總時數 | B3: =SUMIFS($D$6:$D$505,$A$6:$A$505,">="&DATE($B$2,$D$2,1),$A$6:$A$505,"<"&EDATE(DATE($B$2,$D$2,1),1)) | D3: 本月筆數 | E3: =COUNTIFS($A$6:$A$505,">="&DATE($B$2,$D$2,1),$A$6:$A$505,"<"&EDATE(DATE($B$2,$D$2,1),1),$F$6:$F$505,"<>")
A5: 日期 | B5: 開始 | C5: 結束 | D5: 時數(自動) | E5: 類別 | F5: 工作內容 | G5: 備註
D6: =IF(OR(B6="",C6=""),"",(C6-B6)*24)
D7: =IF(OR(B7="",C7=""),"",(C7-B7)*24)
D8: =IF(OR(B8="",C8=""),"",(C8-B8)*24)
D9: =IF(OR(B9="",C9=""),"",(C9-B9)*24)
D10: =IF(OR(B10="",C10=""),"",(C10-B10)*24)
D11: =IF(OR(B11="",C11=""),"",(C11-B11)*24)
D12: =IF(OR(B12="",C12=""),"",(C12-B12)*24)
D13: =IF(OR(B13="",C13=""),"",(C13-B13)*24)
D14: =IF(OR(B14="",C14=""),"",(C14-B14)*24)
D15: =IF(OR(B15="",C15=""),"",(C15-B15)*24)
D16: =IF(OR(B16="",C16=""),"",(C16-B16)*24)
D17: =IF(OR(B17="",C17=""),"",(C17-B17)*24)
... D505: =IF(OR(B505="",C505=""),"",(C505-B505)*24)
C506: 合計 | D506: =SUM(D6:D505)

Sheet 待辦事項
A1: 待辦事項
A2: 未完成數 | B2: =COUNTIFS($B$6:$B$505,"<>完成",$E$6:$E$505,"<>")
A3: 逾期數 | B3: =COUNTIFS($B$6:$B$505,"<>完成",$D$6:$D$505,"<"&TODAY())
A4: 7天內到期 | B4: =COUNTIFS($B$6:$B$505,"<>完成",$D$6:$D$505,">="&TODAY(),$D$6:$D$505,"<="&TODAY()+7)
A5: 優先度 | B5: 狀態 | C5: 分類 | D5: 到期日 | E5: 事項 | F5: 負責人 | G5: 預估工時 | H5: 完成日 | I5: 逾期? | J5: 剩餘天數
I6: =IF(OR(B6="完成",D6=""),"",IF(TODAY()>D6,"逾期","")) | J6: =IF(D6="","",D6-TODAY())
I7: =IF(OR(B7="完成",D7=""),"",IF(TODAY()>D7,"逾期","")) | J7: =IF(D7="","",D7-TODAY())
I8: =IF(OR(B8="完成",D8=""),"",IF(TODAY()>D8,"逾期","")) | J8: =IF(D8="","",D8-TODAY())
I9: =IF(OR(B9="完成",D9=""),"",IF(TODAY()>D9,"逾期","")) | J9: =IF(D9="","",D9-TODAY())
I10: =IF(OR(B10="完成",D10=""),"",IF(TODAY()>D10,"逾期","")) | J10: =IF(D10="","",D10-TODAY())
I11: =IF(OR(B11="完成",D11=""),"",IF(TODAY()>D11,"逾期","")) | J11: =IF(D11="","",D11-TODAY())
I12: =IF(OR(B12="完成",D12=""),"",IF(TODAY()>D12,"逾期","")) | J12: =IF(D12="","",D12-TODAY())
I13: =IF(OR(B13="完成",D13=""),"",IF(TODAY()>D13,"逾期","")) | J13: =IF(D13="","",D13-TODAY())
I14: =IF(OR(B14="完成",D14=""),"",IF(TODAY()>D14,"逾期","")) | J14: =IF(D14="","",D14-TODAY())
I15: =IF(OR(B15="完成",D15=""),"",IF(TODAY()>D15,"逾期","")) | J15: =IF(D15="","",D15-TODAY())
I16: =IF(OR(B16="完成",D16=""),"",IF(TODAY()>D16,"逾期","")) | J16: =IF(D16="","",D16-TODAY())
I17: =IF(OR(B17="完成",D17=""),"",IF(TODAY()>D17,"逾期","")) | J17: =IF(D17="","",D17-TODAY())
... I505: =IF(OR(B505="完成",D505=""),"",IF(TODAY()>D505,"逾期","")) | J505: =IF(D505="","",D505-TODAY())

Sheet 核對清單
A1: 核對清單
A2: 逾期項目數 | B2: =COUNTIF($F$6:$F$505,"逾期")
A5: 類別 | B5: 項目 | C5: 頻率 | D5: 上次完成日 | E5: 下次到期(自動) | F5: 狀態(自動) | G5: 完成? | H5: 備註
E6: =IF(D6="","",IF(C6="每日",D6+1,IF(C6="每週",D6+7,IF(C6="每月",EDATE(D6,1),IF(C6="每季",EDATE(D6,3),IF(C6="每年",EDATE(D6,12),"")))))) | F6: =IF(E6="","",IF(E6<TODAY(),"逾期","正常"))
E7: =IF(D7="","",IF(C7="每日",D7+1,IF(C7="每週",D7+7,IF(C7="每月",EDATE(D7,1),IF(C7="每季",EDATE(D7,3),IF(C7="每年",EDATE(D7,12),"")))))) | F7: =IF(E7="","",IF(E7<TODAY(),"逾期","正常"))
E8: =IF(D8="","",IF(C8="每日",D8+1,IF(C8="每週",D8+7,IF(C8="每月",EDATE(D8,1),IF(C8="每季",EDATE(D8,3),IF(C8="每年",EDATE(D8,12),"")))))) | F8: =IF(E8="","",IF(E8<TODAY(),"逾期","正常"))
E9: =IF(D9="","",IF(C9="每日",D9+1,IF(C9="每週",D9+7,IF(C9="每月",EDATE(D9,1),IF(C9="每季",EDATE(D9,3),IF(C9="每年",EDATE(D9,12),"")))))) | F9: =IF(E9="","",IF(E9<TODAY(),"逾期","正常"))
E10: =IF(D10="","",IF(C10="每日",D10+1,IF(C10="每週",D10+7,IF(C10="每月",EDATE(D10,1),IF(C10="每季",EDATE(D10,3),IF(C10="每年",EDATE(D10,12),"")))))) | F10: =IF(E10="","",IF(E10<TODAY(),"逾期","正常"))
E11: =IF(D11="","",IF(C11="每日",D11+1,IF(C11="每週",D11+7,IF(C11="每月",EDATE(D11,1),IF(C11="每季",EDATE(D11,3),IF(C11="每年",EDATE(D11,12),"")))))) | F11: =IF(E11="","",IF(E11<TODAY(),"逾期","正常"))
E12: =IF(D12="","",IF(C12="每日",D12+1,IF(C12="每週",D12+7,IF(C12="每月",EDATE(D12,1),IF(C12="每季",EDATE(D12,3),IF(C12="每年",EDATE(D12,12),"")))))) | F12: =IF(E12="","",IF(E12<TODAY(),"逾期","正常"))
E13: =IF(D13="","",IF(C13="每日",D13+1,IF(C13="每週",D13+7,IF(C13="每月",EDATE(D13,1),IF(C13="每季",EDATE(D13,3),IF(C13="每年",EDATE(D13,12),"")))))) | F13: =IF(E13="","",IF(E13<TODAY(),"逾期","正常"))
E14: =IF(D14="","",IF(C14="每日",D14+1,IF(C14="每週",D14+7,IF(C14="每月",EDATE(D14,1),IF(C14="每季",EDATE(D14,3),IF(C14="每年",EDATE(D14,12),"")))))) | F14: =IF(E14="","",IF(E14<TODAY(),"逾期","正常"))
E15: =IF(D15="","",IF(C15="每日",D15+1,IF(C15="每週",D15+7,IF(C15="每月",EDATE(D15,1),IF(C15="每季",EDATE(D15,3),IF(C15="每年",EDATE(D15,12),"")))))) | F15: =IF(E15="","",IF(E15<TODAY(),"逾期","正常"))
E16: =IF(D16="","",IF(C16="每日",D16+1,IF(C16="每週",D16+7,IF(C16="每月",EDATE(D16,1),IF(C16="每季",EDATE(D16,3),IF(C16="每年",EDATE(D16,12),"")))))) | F16: =IF(E16="","",IF(E16<TODAY(),"逾期","正常"))
E17: =IF(D17="","",IF(C17="每日",D17+1,IF(C17="每週",D17+7,IF(C17="每月",EDATE(D17,1),IF(C17="每季",EDATE(D17,3),IF(C17="每年",EDATE(D17,12),"")))))) | F17: =IF(E17="","",IF(E17<TODAY(),"逾期","正常"))
... E505: =IF(D505="","",IF(C505="每日",D505+1,IF(C505="每週",D505+7,IF(C505="每月",EDATE(D505,1),IF(C505="每季",EDATE(D505,3),IF(C505="每年",EDATE(D505,12),"")))))) | F505: =IF(E505="","",IF(E505<TODAY(),"逾期","正常"))
